Terrible quality, poor materials.	negativa
Terrible quality, poor materials.	negativa
This is really bad, I am sad.	negativa
I loved the design, really great.	positiva
Great quality, I love it.	positiva
Fantastic service, good people.	positiva
A wonderful item, I am happy.	positiva
I loved this product, it is excellent.	positiva
I loved this product, it is excellent.	positiva
I loved the design, really great.	positiva
A wonderful item, I am happy.	positiva
A wonderful item, I am happy.	positiva
I loved this product, it is excellent.	positiva
Terrible and poor, I hate it.	negativa
Fantastic service, good people.	positiva
This is so good, excellent work.	positiva
I loved this product, it is excellent.	positiva
Fantastic service, good people.	positiva
Terrible quality, poor materials.	negativa
I hated the service, bad job.	negativa
Very happy with this, good job.	positiva
A wonderful item, I am happy.	positiva
A sad experience, really poor.	negativa
Fantastic service, good people.	positiva
A fantastic and wonderful experience.	positiva
This is so good, excellent work.	positiva
I hated the service, bad job.	negativa
This is really bad, I am sad.	negativa
This is so good, excellent work.	positiva
I loved the design, really great.	positiva
Terrible and poor, I hate it.	negativa
Very happy with this, good job.	positiva
Great quality, I love it.	positiva
Terrible quality, poor materials.	negativa
I loved the design, really great.	positiva
A fantastic and wonderful experience.	positiva
A fantastic and wonderful experience.	positiva
A fantastic and wonderful experience.	positiva
I hate this, it is terrible.	negativa
Terrible quality, poor materials.	negativa
Great quality, I love it.	positiva
Terrible and poor, I hate it.	negativa
Fantastic service, good people.	positiva
I loved the design, really great.	positiva
A fantastic and wonderful experience.	positiva
Very happy with this, good job.	positiva
A fantastic and wonderful experience.	positiva
I hate this, it is terrible.	negativa
I loved this product, it is excellent.	positiva
A wonderful item, I am happy.	positiva
I hated the service, bad job.	negativa
Fantastic service, good people.	positiva
I loved this product, it is excellent.	positiva
A wonderful item, I am happy.	positiva
I hated the service, bad job.	negativa
I hated the service, bad job.	negativa
Fantastic service, good people.	positiva
I loved this product, it is excellent.	positiva
A sad experience, really poor.	negativa
A sad experience, really poor.	negativa
A wonderful item, I am happy.	positiva
Terrible quality, poor materials.	negativa
I loved this product, it is excellent.	positiva
A wonderful item, I am happy.	positiva
Great quality, I love it.	positiva
Very happy with this, good job.	positiva
This is so good, excellent work.	positiva
I loved the design, really great.	positiva
This is so good, excellent work.	positiva
Fantastic service, good people.	positiva
A wonderful item, I am happy.	positiva
Fantastic service, good people.	positiva
A sad experience, really poor.	negativa
A sad experience, really poor.	negativa
Very happy with this, good job.	positiva
Terrible and poor, I hate it.	negativa
Very happy with this, good job.	positiva
A wonderful item, I am happy.	positiva
Fantastic service, good people.	positiva
A wonderful item, I am happy.	positiva
I loved this product, it is excellent.	positiva
Great quality, I love it.	positiva
A sad experience, really poor.	negativa
I hate this, it is terrible.	negativa
Great quality, I love it.	positiva
A fantastic and wonderful experience.	positiva
Terrible quality, poor materials.	negativa
Fantastic service, good people.	positiva
A sad experience, really poor.	negativa
Very happy with this, good job.	positiva
A wonderful item, I am happy.	positiva
This is so good, excellent work.	positiva
Terrible quality, poor materials.	negativa
Fantastic service, good people.	positiva
Terrible quality, poor materials.	negativa
A fantastic and wonderful experience.	positiva
I loved this product, it is excellent.	positiva
I loved this product, it is excellent.	positiva
A fantastic and wonderful experience.	positiva
I loved the design, really great.	positiva
